Nombre,Clase
Imagen0001,curva
Imagen0002,curva
Imagen0003,nocurva
Imagen0004,curva
Imagen0005,curva
Imagen0006,curva
Imagen0007,nocurva
Imagen0008,curva
Imagen0009,nocurva
Imagen0010,nocurva
Imagen0011,curva
Imagen0012,nocurva
Imagen0013,nocurva
Imagen0014,curva
Imagen0015,nocurva
Imagen0016,curva
Imagen0017,nocurva
Imagen0018,nocurva
Imagen0019,nocurva
Imagen0020,nocurva
Imagen0021,nocurva
Imagen0022,curva
Imagen0023,curva
Imagen0024,nocurva
Imagen0025,nocurva
Imagen0026,curva
Imagen0027,nocurva
Imagen0028,curva
Imagen0029,curva
Imagen0030,curva
Imagen0031,curva
Imagen0032,curva
Imagen0033,curva
Imagen0034,curva
Imagen0035,curva
Imagen0036,curva
Imagen0037,nocurva
Imagen0038,curva
Imagen0039,curva
Imagen0040,curva
Imagen0041,curva
Imagen0042,curva
Imagen0043,nocurva
Imagen0044,nocurva
Imagen0045,nocurva
Imagen0046,nocurva
Imagen0047,curva
Imagen0048,curva
Imagen0049,nocurva
Imagen0050,curva
Imagen0051,curva
Imagen0052,nocurva
Imagen0053,curva
Imagen0054,nocurva
Imagen0055,nocurva
Imagen0056,curva
Imagen0057,nocurva
Imagen0058,nocurva
Imagen0059,nocurva
Imagen0060,curva
Imagen0061,curva
Imagen0062,nocurva
Imagen0063,nocurva
Imagen0064,nocurva
Imagen0065,curva
Imagen0066,nocurva
Imagen0067,nocurva
Imagen0068,nocurva
Imagen0069,nocurva
Imagen0070,curva
Imagen0071,nocurva
Imagen0072,nocurva
Imagen0073,nocurva
Imagen0074,curva
Imagen0075,curva
Imagen0076,curva
Imagen0077,nocurva
Imagen0078,nocurva
Imagen0079,curva
Imagen0080,curva
Imagen0081,nocurva
Imagen0082,curva
Imagen0083,nocurva
Imagen0084,curva
Imagen0085,nocurva
Imagen0086,curva
Imagen0087,curva
Imagen0088,nocurva
Imagen0089,nocurva
Imagen0090,nocurva
Imagen0091,curva
Imagen0092,curva
Imagen0093,nocurva
Imagen0094,curva
Imagen0095,curva
Imagen0096,nocurva
Imagen0097,nocurva
Imagen0098,nocurva
Imagen0099,curva
Imagen0100,nocurva
Imagen0101,curva
Imagen0102,curva
Imagen0103,curva
Imagen0104,nocurva
Imagen0105,nocurva
Imagen0106,nocurva
Imagen0107,nocurva
Imagen0108,curva
Imagen0109,curva
Imagen0110,curva
Imagen0111,curva
Imagen0112,nocurva
Imagen0113,curva
Imagen0114,nocurva
Imagen0115,nocurva
Imagen0116,nocurva
Imagen0117,nocurva
Imagen0118,curva
Imagen0119,nocurva
Imagen0120,nocurva
Imagen0121,curva
Imagen0122,nocurva
Imagen0123,nocurva
Imagen0124,curva
Imagen0125,nocurva
Imagen0126,nocurva
Imagen0127,curva
Imagen0128,nocurva
Imagen0129,curva
Imagen0130,curva
Imagen0131,nocurva
Imagen0132,curva
Imagen0133,nocurva
Imagen0134,nocurva
Imagen0135,nocurva
Imagen0136,curva
Imagen0137,curva
Imagen0138,nocurva
Imagen0139,curva
Imagen0140,nocurva
Imagen0141,nocurva
Imagen0142,nocurva
Imagen0143,nocurva
Imagen0144,nocurva
Imagen0145,curva
Imagen0146,nocurva
Imagen0147,curva
Imagen0148,curva
Imagen0149,curva
Imagen0150,nocurva
Imagen0151,nocurva
Imagen0152,nocurva
Imagen0153,nocurva
Imagen0154,curva
Imagen0155,nocurva
Imagen0156,curva
Imagen0157,nocurva
Imagen0158,curva
Imagen0159,nocurva
Imagen0160,curva
Imagen0161,curva
Imagen0162,nocurva
Imagen0163,nocurva
Imagen0164,curva
Imagen0165,nocurva
Imagen0166,nocurva
Imagen0167,nocurva
Imagen0168,nocurva
Imagen0169,curva
Imagen0170,nocurva
Imagen0171,curva
Imagen0172,nocurva
Imagen0173,curva
Imagen0174,nocurva
Imagen0175,curva
Imagen0176,curva
Imagen0177,nocurva
Imagen0178,curva
Imagen0179,curva
Imagen0180,curva
Imagen0181,curva
Imagen0182,curva
Imagen0183,curva
Imagen0184,curva
Imagen0185,curva
Imagen0186,curva
Imagen0187,nocurva
Imagen0188,curva
Imagen0189,nocurva
Imagen0190,nocurva
Imagen0191,nocurva
Imagen0192,nocurva
Imagen0193,nocurva
Imagen0194,nocurva
Imagen0195,nocurva
Imagen0196,nocurva
Imagen0197,nocurva
Imagen0198,nocurva
Imagen0199,nocurva
Imagen0200,curva
Imagen0201,nocurva
Imagen0202,curva
Imagen0203,curva
Imagen0204,curva
Imagen0205,curva
Imagen0206,nocurva
Imagen0207,nocurva
Imagen0208,nocurva
Imagen0209,nocurva
Imagen0210,nocurva
Imagen0211,curva
Imagen0212,nocurva
Imagen0213,curva
Imagen0214,nocurva
Imagen0215,nocurva
Imagen0216,nocurva
Imagen0217,nocurva
Imagen0218,nocurva
Imagen0219,nocurva
Imagen0220,nocurva
Imagen0221,curva
Imagen0222,curva
Imagen0223,nocurva
Imagen0224,curva
Imagen0225,curva
Imagen0226,nocurva
Imagen0227,nocurva
Imagen0228,nocurva
Imagen0229,nocurva
Imagen0230,nocurva
Imagen0231,curva
Imagen0232,curva
Imagen0233,curva
Imagen0234,nocurva
Imagen0235,nocurva
Imagen0236,curva
Imagen0237,nocurva
Imagen0238,nocurva
Imagen0239,curva
Imagen0240,curva
Imagen0241,curva
Imagen0242,nocurva
Imagen0243,curva
Imagen0244,curva
Imagen0245,nocurva
Imagen0246,curva
Imagen0247,nocurva
Imagen0248,curva
Imagen0249,curva
Imagen0250,nocurva
Imagen0251,nocurva
Imagen0252,nocurva
Imagen0253,curva
Imagen0254,nocurva
Imagen0255,curva
Imagen0256,nocurva
Imagen0257,curva
Imagen0258,curva
Imagen0259,curva
Imagen0260,curva
Imagen0261,curva
Imagen0262,curva
Imagen0263,nocurva
Imagen0264,nocurva
Imagen0265,curva
Imagen0266,nocurva
Imagen0267,nocurva
Imagen0268,nocurva
Imagen0269,nocurva
Imagen0270,nocurva
Imagen0271,curva
Imagen0272,nocurva
Imagen0273,nocurva
Imagen0274,nocurva
Imagen0275,curva
Imagen0276,nocurva
Imagen0277,nocurva
Imagen0278,curva
Imagen0279,curva
Imagen0280,nocurva
Imagen0281,curva
Imagen0282,curva
Imagen0283,curva
Imagen0284,curva
Imagen0285,nocurva
Imagen0286,curva
Imagen0287,nocurva
Imagen0288,nocurva
Imagen0289,nocurva
Imagen0290,curva
Imagen0291,nocurva
Imagen0292,nocurva
Imagen0293,nocurva
Imagen0294,curva
Imagen0295,nocurva
Imagen0296,nocurva
Imagen0297,nocurva
Imagen0298,nocurva
Imagen0299,curva
Imagen0300,curva
Imagen0301,curva
Imagen0302,nocurva
Imagen0303,nocurva
Imagen0304,nocurva
Imagen0305,nocurva
Imagen0306,nocurva
Imagen0307,curva
Imagen0308,nocurva
Imagen0309,nocurva
Imagen0310,nocurva
Imagen0311,curva
Imagen0312,curva
Imagen0313,nocurva
Imagen0314,curva
Imagen0315,nocurva
Imagen0316,nocurva
Imagen0317,nocurva
Imagen0318,curva
Imagen0319,nocurva
Imagen0320,curva
Imagen0321,curva
Imagen0322,nocurva
Imagen0323,curva
Imagen0324,curva
Imagen0325,curva
Imagen0326,curva
Imagen0327,curva
Imagen0328,nocurva
Imagen0329,curva
Imagen0330,nocurva
Imagen0331,nocurva
Imagen0332,curva
Imagen0333,curva
Imagen0334,curva
Imagen0335,nocurva
Imagen0336,nocurva
Imagen0337,curva
Imagen0338,nocurva
Imagen0339,curva
Imagen0340,nocurva
Imagen0341,nocurva
Imagen0342,curva
Imagen0343,curva
Imagen0344,curva
Imagen0345,nocurva
Imagen0346,nocurva
Imagen0347,nocurva
Imagen0348,curva
Imagen0349,curva
Imagen0350,nocurva
Imagen0351,nocurva
Imagen0352,nocurva
Imagen0353,curva
Imagen0354,nocurva
Imagen0355,curva
Imagen0356,nocurva
Imagen0357,curva
Imagen0358,nocurva
Imagen0359,curva
Imagen0360,curva
Imagen0361,nocurva
Imagen0362,nocurva
Imagen0363,curva
Imagen0364,curva
Imagen0365,curva
Imagen0366,nocurva
Imagen0367,curva
Imagen0368,curva
Imagen0369,nocurva
Imagen0370,nocurva
Imagen0371,curva
Imagen0372,curva
Imagen0373,curva
Imagen0374,curva
Imagen0375,nocurva
Imagen0376,curva
Imagen0377,curva
Imagen0378,curva
Imagen0379,curva
Imagen0380,curva
Imagen0381,curva
Imagen0382,nocurva
Imagen0383,nocurva
Imagen0384,curva
Imagen0385,curva
Imagen0386,nocurva
Imagen0387,curva
Imagen0388,nocurva
Imagen0389,nocurva
Imagen0390,nocurva
Imagen0391,nocurva
Imagen0392,nocurva
Imagen0393,curva
Imagen0394,curva
Imagen0395,curva
Imagen0396,curva
Imagen0397,nocurva
Imagen0398,nocurva
Imagen0399,nocurva
Imagen0400,nocurva
Imagen0401,nocurva
Imagen0402,nocurva
Imagen0403,nocurva
Imagen0404,curva
Imagen0405,nocurva
Imagen0406,nocurva
Imagen0407,curva
Imagen0408,nocurva
Imagen0409,nocurva
Imagen0410,nocurva
Imagen0411,curva
Imagen0412,nocurva
Imagen0413,nocurva
Imagen0414,curva
Imagen0415,nocurva
Imagen0416,nocurva
Imagen0417,nocurva
Imagen0418,nocurva
Imagen0419,nocurva
Imagen0420,nocurva
Imagen0421,nocurva
Imagen0422,curva
Imagen0423,nocurva
Imagen0424,nocurva
Imagen0425,nocurva
Imagen0426,nocurva
Imagen0427,nocurva
Imagen0428,curva
Imagen0429,curva
Imagen0430,nocurva
Imagen0431,nocurva
Imagen0432,curva
Imagen0433,curva
Imagen0434,curva
Imagen0435,nocurva
Imagen0436,curva
Imagen0437,nocurva
Imagen0438,curva
Imagen0439,nocurva
Imagen0440,curva
Imagen0441,curva
Imagen0442,curva
Imagen0443,curva
Imagen0444,curva
Imagen0445,nocurva
Imagen0446,curva
Imagen0447,nocurva
Imagen0448,nocurva
Imagen0449,nocurva
Nombre,Clase
Imagen0450,nocurva
Imagen0451,nocurva
Imagen0452,nocurva
Imagen0453,nocurva
Imagen0454,nocurva
Imagen0455,nocurva
Imagen0456,nocurva
Imagen0457,nocurva
Imagen0458,nocurva
Imagen0459,curva
Imagen0460,curva
Imagen0461,nocurva
Imagen0462,curva
Imagen0463,nocurva
Imagen0464,nocurva
Imagen0465,curva
Imagen0466,nocurva
Imagen0467,nocurva
Imagen0468,curva
Imagen0469,curva
Imagen0470,nocurva
Imagen0471,nocurva
Imagen0472,curva
Imagen0473,nocurva
Imagen0474,nocurva
Imagen0475,nocurva
Imagen0476,curva
Imagen0477,curva
Imagen0478,curva
Imagen0479,nocurva
Imagen0480,curva
Imagen0481,curva
Imagen0482,curva
Imagen0483,nocurva
Imagen0484,curva
Imagen0485,nocurva
Imagen0486,curva
Imagen0487,nocurva
Imagen0488,curva
Imagen0489,curva
Imagen0490,nocurva
Imagen0491,nocurva
Imagen0492,nocurva
Imagen0493,curva
Imagen0494,curva
Imagen0495,curva
Imagen0496,curva
Imagen0497,nocurva
Imagen0498,nocurva
Imagen0499,curva
Imagen0500,nocurva
Imagen0501,curva
Imagen0502,curva
Imagen0503,curva
Imagen0504,nocurva
Imagen0505,nocurva
Imagen0506,curva
Imagen0507,nocurva
Imagen0508,nocurva
Imagen0509,curva
Imagen0510,nocurva
Imagen0511,nocurva
Imagen0512,curva
Imagen0513,nocurva
Imagen0514,nocurva
Imagen0515,nocurva
Imagen0516,nocurva
Imagen0517,curva
Imagen0518,curva
Imagen0519,nocurva
Imagen0520,curva
Imagen0521,curva
Imagen0522,curva
Imagen0523,nocurva
Imagen0524,curva
Imagen0525,curva
Imagen0526,curva
Imagen0527,curva
Imagen0528,curva
Imagen0529,curva
Imagen0530,curva
Imagen0531,nocurva
Imagen0532,nocurva
Imagen0533,curva
Imagen0534,nocurva
Imagen0535,curva
Imagen0536,nocurva
Imagen0537,nocurva
Imagen0538,curva
Imagen0539,nocurva
Imagen0540,curva
Imagen0541,nocurva
Imagen0542,nocurva
Imagen0543,nocurva
Imagen0544,nocurva
Imagen0545,curva
Imagen0546,nocurva
Imagen0547,nocurva
Imagen0548,nocurva
Imagen0549,nocurva
Imagen0550,curva
Imagen0551,nocurva
Imagen0552,curva
Imagen0553,curva
Imagen0554,nocurva
Imagen0555,curva
Imagen0556,curva
Imagen0557,nocurva
Imagen0558,nocurva
Imagen0559,curva
Imagen0560,curva
Imagen0561,nocurva
Imagen0562,nocurva
Imagen0563,curva
Imagen0564,nocurva
Imagen0565,nocurva
Imagen0566,nocurva
Imagen0567,curva
Imagen0568,nocurva
Imagen0569,curva
Imagen0570,nocurva
Imagen0571,nocurva
Imagen0572,nocurva
Imagen0573,nocurva
Imagen0574,nocurva
Imagen0575,nocurva
Imagen0576,nocurva
Imagen0577,nocurva
Imagen0578,nocurva
Imagen0579,curva
Imagen0580,nocurva
Imagen0581,nocurva
Imagen0582,curva
Imagen0583,curva
Imagen0584,curva
Imagen0585,nocurva
Imagen0586,curva
Imagen0587,curva
Imagen0588,nocurva
Imagen0589,curva
Imagen0590,nocurva
Imagen0591,curva
Imagen0592,curva
Imagen0593,nocurva
Imagen0594,curva
Imagen0595,curva
Imagen0596,nocurva
Imagen0597,curva
Imagen0598,nocurva
Imagen0599,curva
Imagen0600,nocurva
Imagen0601,nocurva
Imagen0602,curva
Imagen0603,nocurva
Imagen0604,curva
Imagen0605,nocurva
Imagen0606,curva
Imagen0607,nocurva
Imagen0608,nocurva
Imagen0609,curva
Imagen0610,nocurva
Imagen0611,nocurva
Imagen0612,curva
Imagen0613,nocurva
Imagen0614,nocurva
Imagen0615,nocurva
Imagen0616,curva
Imagen0617,curva
Imagen0618,nocurva
Imagen0619,curva
Imagen0620,curva
Imagen0621,curva
Imagen0622,curva
Imagen0623,nocurva
Imagen0624,curva
Imagen0625,curva
Imagen0626,nocurva
Imagen0627,curva
Imagen0628,curva
Imagen0629,curva
Imagen0630,curva
Imagen0631,nocurva
Imagen0632,nocurva
Imagen0633,nocurva
Imagen0634,curva
Imagen0635,curva
Imagen0636,curva
Imagen0637,nocurva
Imagen0638,nocurva
Imagen0639,nocurva
Imagen0640,nocurva
Imagen0641,curva
Imagen0642,nocurva
Imagen0643,curva
Imagen0644,curva
Imagen0645,curva
Imagen0646,curva
Imagen0647,nocurva
Imagen0648,curva
Imagen0649,curva
Imagen0650,curva
Imagen0651,curva
Imagen0652,nocurva
Imagen0653,curva
Imagen0654,nocurva
Imagen0655,curva
Imagen0656,nocurva
Imagen0657,nocurva
Imagen0658,curva
Imagen0659,curva
Imagen0660,nocurva
Imagen0661,nocurva
Imagen0662,nocurva
Imagen0663,curva
Imagen0664,nocurva
Imagen0665,curva
Imagen0666,curva
Imagen0667,nocurva
Imagen0668,nocurva
Imagen0669,curva
Imagen0670,curva
Imagen0671,nocurva
Imagen0672,curva
Imagen0673,nocurva
Imagen0674,curva
Imagen0675,nocurva
Imagen0676,curva
Imagen0677,curva
Imagen0678,nocurva
Imagen0679,curva
Imagen0680,curva
Imagen0681,curva
Imagen0682,nocurva
Imagen0683,curva
Imagen0684,curva
Imagen0685,nocurva
Imagen0686,nocurva
Imagen0687,nocurva
Imagen0688,nocurva
Imagen0689,curva
Imagen0690,curva
Imagen0691,nocurva
Imagen0692,curva
Imagen0693,curva
Imagen0694,nocurva
Imagen0695,curva
Imagen0696,curva
Imagen0697,curva
Imagen0698,curva
Imagen0699,curva
Imagen0700,curva
Imagen0701,curva
Imagen0702,nocurva
Imagen0703,curva
Imagen0704,curva
Imagen0705,nocurva
Imagen0706,nocurva
Imagen0707,nocurva
Imagen0708,curva
Imagen0709,nocurva
Imagen0710,nocurva
Imagen0711,nocurva
Imagen0712,nocurva
Imagen0713,curva
Imagen0714,nocurva
Imagen0715,nocurva
Imagen0716,curva
Imagen0717,nocurva
Imagen0718,nocurva
Imagen0719,curva
Imagen0720,curva
Imagen0721,curva
Imagen0722,curva
Imagen0723,curva
Imagen0724,curva
Imagen0725,nocurva
Imagen0726,nocurva
Imagen0727,curva
Imagen0728,nocurva
Imagen0729,curva
Imagen0730,curva
Imagen0731,curva
Imagen0732,curva
Imagen0733,curva
Imagen0734,curva
Imagen0735,curva
